"Date and Time Run #1","Time (s) Run #1","Current (A) Run #1","Voltage (V) Run #1","Electron Current (x10^-10 A) Run #1","Peak Voltage (V) Run #1","Diff between Peaks (V) Run #1","Trough Voltage (V) Run #1","Diff between Troughs (V) Run #1","Date and Time Run #2","Time (s) Run #2","Current (A) Run #2","Voltage (V) Run #2","Electron Current (x10^-10 A) Run #2","Peak Voltage (V) Run #2","Diff between Peaks (V) Run #2","Trough Voltage (V) Run #2","Diff between Troughs (V) Run #2","Date and Time Run #3","Time (s) Run #3","Current (A) Run #3","Voltage (V) Run #3","Electron Current (x10^-10 A) Run #3","Peak Voltage (V) Run #3","Diff between Peaks (V) Run #3","Trough Voltage (V) Run #3","Diff between Troughs (V) Run #3"
02/03/2022 03:25:25 pm,66.900,-2.310E-13,2.9,0.00,22.0,11.20,26.4,11.80,02/03/2022 03:59:23 pm,83.800,-2.541E-13,0.1,0.00,23.9,9.70,26.8,11.90,02/03/2022 04:13:19 pm,4.100,-3.345E-13,0.0,0.00,23.2,11.60,26.4,11.90
02/03/2022 03:25:36 pm,77.000,-2.314E-13,4.3,0.00,33.2,11.70,38.2,11.50,02/03/2022 03:59:33 pm,93.100,-2.516E-13,2.2,0.00,33.6,11.50,38.7,12.10,02/03/2022 04:13:27 pm,12.100,-3.075E-13,3.6,0.00,34.8,10.20,38.3,11.40
02/03/2022 03:25:44 pm,85.900,-2.216E-13,6.1,0.00,44.9,11.50,49.7,12.10,02/03/2022 03:59:40 pm,100.000,-2.436E-13,4.4,0.00,45.1,11.20,50.8,11.50,02/03/2022 04:14:00 pm,45.100,-3.075E-13,4.7,0.00,45.0,10.70,49.7,11.20
02/03/2022 03:25:51 pm,92.400,-2.168E-13,8.3,0.00,56.4,11.40,61.8,11.30,02/03/2022 03:59:45 pm,105.900,-2.388E-13,6.2,0.00,56.3,11.90,62.3,11.70,02/03/2022 04:14:04 pm,49.600,-3.032E-13,6.1,0.00,55.7,11.20,60.9,11.80
02/03/2022 03:25:55 pm,96.600,-2.215E-13,10.6,0.00,67.8,,73.1,,02/03/2022 03:59:56 pm,116.300,-2.114E-13,8.2,0.00,68.2,,74.0,,02/03/2022 04:14:08 pm,53.900,-3.130E-13,8.5,0.00,66.9,12.20,72.7,
02/03/2022 03:25:59 pm,100.600,-2.914E-13,12.7,0.00,,,,,02/03/2022 04:00:02 pm,122.800,-2.119E-13,10.4,0.00,,,,,02/03/2022 04:14:13 pm,58.600,-3.143E-13,10.3,0.00,79.1,,,
02/03/2022 03:26:09 pm,110.000,-4.991E-13,14.8,0.00,,,,,02/03/2022 04:00:06 pm,126.600,-2.166E-13,12.3,0.00,,,,,02/03/2022 04:14:19 pm,64.100,-1.380E-12,12.3,0.01,,,,
02/03/2022 03:26:17 pm,118.200,-7.765E-13,17.2,0.01,,,,,02/03/2022 04:00:11 pm,131.400,-3.275E-13,14.2,0.00,,,,,02/03/2022 04:14:22 pm,67.800,-6.236E-12,14.2,0.06,,,,
02/03/2022 03:26:21 pm,122.800,-9.500E-13,18.3,0.01,,,,,02/03/2022 04:00:15 pm,135.600,-7.469E-13,16.2,0.01,,,,,02/03/2022 04:14:26 pm,71.300,-1.326E-11,16.5,0.13,,,,
02/03/2022 03:26:27 pm,128.700,-1.162E-12,20.1,0.01,,,,,02/03/2022 04:00:19 pm,139.700,-1.347E-12,18.3,0.01,,,,,02/03/2022 04:14:29 pm,74.200,-1.895E-11,18.9,0.19,,,,
02/03/2022 03:26:33 pm,134.100,-1.317E-12,22.5,0.01,,,,,02/03/2022 04:00:23 pm,143.100,-1.982E-12,20.6,0.02,,,,,02/03/2022 04:14:32 pm,77.100,-2.199E-11,21.0,0.22,,,,
02/03/2022 03:26:38 pm,139.700,-1.282E-12,24.5,0.01,,,,,02/03/2022 04:00:26 pm,146.300,-2.343E-12,22.4,0.02,,,,,02/03/2022 04:14:34 pm,79.500,-2.260E-11,22.8,0.23,,,,
02/03/2022 03:26:44 pm,145.500,-1.254E-12,26.4,0.01,,,,,02/03/2022 04:00:29 pm,149.500,-2.438E-12,24.4,0.02,,,,,02/03/2022 04:14:36 pm,81.800,-2.098E-11,25.0,0.21,,,,
02/03/2022 03:26:49 pm,150.000,-1.428E-12,28.3,0.01,,,,,02/03/2022 04:00:32 pm,152.500,-2.267E-12,26.5,0.02,,,,,02/03/2022 04:14:39 pm,84.100,-2.067E-11,26.6,0.21,,,,
02/03/2022 03:26:52 pm,153.600,-1.746E-12,30.5,0.02,,,,,02/03/2022 04:00:35 pm,155.200,-2.585E-12,28.8,0.03,,,,,02/03/2022 04:14:43 pm,88.000,-2.445E-11,28.3,0.24,,,,
02/03/2022 03:26:57 pm,158.700,-1.979E-12,32.7,0.02,,,,,02/03/2022 04:00:38 pm,158.500,-3.083E-12,30.2,0.03,,,,,02/03/2022 04:14:45 pm,90.900,-3.044E-11,30.1,0.30,,,,
02/03/2022 03:27:03 pm,164.800,-1.922E-12,34.3,0.02,,,,,02/03/2022 04:00:42 pm,162.600,-3.900E-12,32.5,0.04,,,,,02/03/2022 04:14:49 pm,94.700,-3.774E-11,32.4,0.38,,,,
02/03/2022 03:27:08 pm,169.500,-1.539E-12,36.5,0.02,,,,,02/03/2022 04:00:46 pm,166.300,-3.909E-12,34.8,0.04,,,,,02/03/2022 04:14:53 pm,98.000,-3.778E-11,34.3,0.38,,,,
02/03/2022 03:27:11 pm,172.000,-1.340E-12,38.6,0.01,,,,,02/03/2022 04:00:49 pm,169.900,-3.257E-12,36.6,0.03,,,,,02/03/2022 04:14:55 pm,100.900,-3.055E-11,36.6,0.31,,,,
02/03/2022 03:27:15 pm,176.000,-1.739E-12,40.3,0.02,,,,,02/03/2022 04:00:52 pm,172.700,-2.533E-12,38.4,0.03,,,,,02/03/2022 04:14:58 pm,103.800,-2.852E-11,38.6,0.29,,,,
02/03/2022 03:27:18 pm,179.200,-2.579E-12,43.1,0.03,,,,,02/03/2022 04:00:54 pm,174.900,-2.669E-12,39.9,0.03,,,,,02/03/2022 04:15:01 pm,106.700,-4.214E-11,40.3,0.42,,,,
02/03/2022 03:27:22 pm,183.500,-2.739E-12,44.2,0.03,,,,,02/03/2022 04:00:57 pm,177.600,-4.331E-12,42.1,0.04,,,,,02/03/2022 04:15:05 pm,110.200,-6.964E-11,42.6,0.70,,,,
02/03/2022 03:27:28 pm,189.600,-2.605E-12,45.7,0.03,,,,,02/03/2022 04:01:02 pm,182.200,-5.633E-12,44.1,0.06,,,,,02/03/2022 04:15:08 pm,113.200,-8.249E-11,44.5,0.82,,,,
02/03/2022 03:27:34 pm,195.000,-1.564E-12,48.6,0.02,,,,,02/03/2022 04:01:05 pm,185.900,-5.351E-12,46.2,0.05,,,,,02/03/2022 04:15:11 pm,116.200,-7.568E-11,46.6,0.76,,,,
02/03/2022 03:27:37 pm,198.600,-1.538E-12,50.6,0.02,,,,,02/03/2022 04:01:09 pm,189.400,-3.195E-12,48.9,0.03,,,,,02/03/2022 04:15:13 pm,118.900,-5.382E-11,48.7,0.54,,,,
02/03/2022 03:27:41 pm,202.500,-2.629E-12,52.4,0.03,,,,,02/03/2022 04:01:13 pm,193.600,-2.863E-12,51.4,0.03,,,,,02/03/2022 04:15:16 pm,121.600,-6.643E-11,50.8,0.66,,,,
02/03/2022 03:27:46 pm,207.700,-3.765E-12,54.1,0.04,,,,,02/03/2022 04:01:17 pm,197.300,-4.735E-12,52.8,0.05,,,,,02/03/2022 04:15:20 pm,125.600,-1.337E-10,52.9,1.34,,,,
02/03/2022 03:27:51 pm,212.500,-4.222E-12,56.3,0.04,,,,,02/03/2022 04:01:21 pm,201.000,-7.353E-12,54.6,0.07,,,,,02/03/2022 04:15:23 pm,128.600,-1.776E-10,54.4,1.78,,,,
02/03/2022 03:27:59 pm,220.700,-3.526E-12,58.5,0.04,,,,,02/03/2022 04:01:24 pm,204.000,-8.175E-12,56.8,0.08,,,,,02/03/2022 04:15:27 pm,132.000,-1.937E-10,56.0,1.94,,,,
02/03/2022 03:28:09 pm,230.200,-2.629E-12,62.6,0.03,,,,,02/03/2022 04:01:26 pm,206.500,-6.778E-12,58.4,0.07,,,,,02/03/2022 04:15:31 pm,136.800,-1.320E-10,59.1,1.32,,,,
02/03/2022 03:28:15 pm,236.400,-4.914E-12,64.1,0.05,,,,,02/03/2022 04:01:28 pm,208.800,-4.276E-12,60.3,0.04,,,,,02/03/2022 04:15:34 pm,139.500,-9.428E-11,60.5,0.94,,,,
02/03/2022 03:28:21 pm,242.800,-8.222E-12,66.1,0.08,,,,,02/03/2022 04:01:31 pm,211.400,-3.178E-12,62.9,0.03,,,,,02/03/2022 04:15:38 pm,143.800,-1.123E-10,62.4,1.12,,,,
02/03/2022 03:28:26 pm,247.300,-9.220E-12,68.4,0.09,,,,,02/03/2022 04:01:33 pm,213.600,-6.933E-12,64.9,0.07,,,,,02/03/2022 04:15:42 pm,147.200,-2.013E-10,64.3,2.01,,,,
02/03/2022 03:28:30 pm,251.900,-7.963E-12,70.3,0.08,,,,,02/03/2022 04:01:36 pm,216.100,-1.071E-11,67.0,0.11,,,,,02/03/2022 04:15:47 pm,152.000,-2.659E-10,66.1,2.66,,,,
02/03/2022 03:28:36 pm,257.200,-5.470E-12,72.3,0.05,,,,,02/03/2022 04:01:38 pm,218.900,-1.103E-11,68.7,0.11,,,,,02/03/2022 04:15:51 pm,156.000,-2.568E-10,66.2,2.57,,,,
02/03/2022 03:28:41 pm,262.100,-6.651E-12,74.6,0.07,,,,,02/03/2022 04:01:41 pm,221.500,-8.694E-12,70.6,0.09,,,,,02/03/2022 04:15:53 pm,158.900,-2.497E-10,66.2,2.50,,,,
02/03/2022 03:28:45 pm,266.900,-1.337E-11,76.4,0.13,,,,,02/03/2022 04:01:44 pm,224.800,-5.121E-12,72.6,0.05,,,,,02/03/2022 04:15:58 pm,163.600,-2.388E-10,66.2,2.39,,,,
02/03/2022 03:28:51 pm,272.000,-2.122E-11,78.8,0.21,,,,,02/03/2022 04:01:47 pm,227.500,-3.964E-12,74.0,0.04,,,,,02/03/2022 04:16:02 pm,167.800,-2.462E-10,68.2,2.46,,,,
02/03/2022 03:28:55 pm,276.800,-2.370E-11,80.3,0.24,,,,,02/03/2022 04:01:50 pm,230.900,-7.580E-12,76.0,0.08,,,,,02/03/2022 04:16:07 pm,172.000,-2.051E-10,69.9,2.05,,,,
02/03/2022 03:31:10 pm,411.200,-2.244E-13,2.2,0.00,,,,,02/03/2022 04:01:53 pm,233.900,-1.288E-11,77.9,0.13,,,,,02/03/2022 04:16:09 pm,174.400,-1.833E-10,70.3,1.83,,,,
02/03/2022 03:31:18 pm,419.000,-2.065E-13,4.3,0.00,,,,,02/03/2022 04:01:58 pm,238.300,-1.578E-11,80.5,0.16,,,,,02/03/2022 04:16:14 pm,179.400,-1.145E-10,72.1,1.15,,,,
02/03/2022 03:31:23 pm,424.500,-2.361E-13,6.5,0.00,,,,,02/03/2022 04:02:55 pm,295.100,-2.351E-13,4.2,0.00,,,,,02/03/2022 04:16:19 pm,184.200,-1.283E-10,74.2,1.28,,,,
02/03/2022 03:31:28 pm,429.800,-2.265E-13,8.4,0.00,,,,,02/03/2022 04:02:58 pm,298.700,-2.363E-13,6.1,0.00,,,,,02/03/2022 04:16:23 pm,188.500,-1.295E-10,74.2,1.29,,,,
02/03/2022 03:31:33 pm,434.300,-2.144E-13,10.2,0.00,,,,,02/03/2022 04:03:01 pm,301.900,-2.390E-13,8.6,0.00,,,,,02/03/2022 04:16:30 pm,195.900,-2.135E-10,76.3,2.13,,,,
02/03/2022 03:31:39 pm,440.900,-2.497E-13,12.3,0.00,,,,,02/03/2022 04:03:04 pm,304.100,-2.143E-13,10.5,0.00,,,,,02/03/2022 04:16:39 pm,204.100,-2.609E-10,78.2,2.61,,,,
02/03/2022 03:31:49 pm,450.700,-5.013E-13,14.0,0.01,,,,,02/03/2022 04:03:07 pm,307.000,-2.227E-13,12.4,0.00,,,,,02/03/2022 04:16:46 pm,211.100,-2.579E-10,80.1,2.58,,,,
02/03/2022 03:32:11 pm,472.200,-9.247E-13,16.2,0.01,,,,,02/03/2022 04:03:10 pm,310.300,-3.278E-13,14.4,0.00,,,,,02/03/2022 04:18:33 pm,318.300,-2.849E-13,2.2,0.00,,,,
02/03/2022 03:32:19 pm,480.800,-1.413E-12,18.5,0.01,,,,,02/03/2022 04:03:13 pm,313.000,-5.759E-13,16.0,0.01,,,,,02/03/2022 04:18:47 pm,332.000,-6.048E-13,12.0,0.01,,,,
02/03/2022 03:32:26 pm,487.900,-1.500E-12,19.1,0.02,,,,,02/03/2022 04:03:17 pm,317.400,-1.105E-12,18.2,0.01,,,,,02/03/2022 04:18:50 pm,335.700,-1.617E-12,13.2,0.02,,,,
02/03/2022 03:32:32 pm,493.800,-1.561E-12,19.5,0.02,,,,,02/03/2022 04:03:21 pm,321.000,-1.593E-12,20.1,0.02,,,,,02/03/2022 04:18:54 pm,339.300,-5.202E-12,15.3,0.05,,,,
02/03/2022 03:32:36 pm,497.700,-1.657E-12,20.1,0.02,,,,,02/03/2022 04:03:23 pm,323.900,-1.737E-12,20.8,0.02,,,,,02/03/2022 04:18:58 pm,343.400,-9.267E-12,17.4,0.09,,,,
02/03/2022 03:32:41 pm,502.700,-1.733E-12,20.7,0.02,,,,,02/03/2022 04:03:26 pm,326.000,-1.806E-12,21.2,0.02,,,,,02/03/2022 04:19:03 pm,348.700,-1.213E-11,19.2,0.12,,,,
02/03/2022 03:32:46 pm,507.900,-1.791E-12,21.3,0.02,,,,,02/03/2022 04:03:29 pm,329.500,-1.842E-12,21.6,0.02,,,,,02/03/2022 04:19:06 pm,351.900,-1.286E-11,19.8,0.13,,,,
02/03/2022 03:32:50 pm,511.900,-1.855E-12,22.0,0.02,,,,,02/03/2022 04:03:32 pm,332.400,-1.914E-12,22.2,0.02,,,,,02/03/2022 04:19:13 pm,358.000,-1.299E-11,20.4,0.13,,,,
02/03/2022 03:32:56 pm,517.100,-1.869E-12,22.5,0.02,,,,,02/03/2022 04:03:34 pm,334.900,-1.982E-12,22.8,0.02,,,,,02/03/2022 04:19:21 pm,366.900,-1.273E-11,20.8,0.13,,,,
02/03/2022 03:33:00 pm,521.600,-1.868E-12,23.2,0.02,,,,,02/03/2022 04:03:39 pm,339.400,-1.982E-12,23.3,0.02,,,,,02/03/2022 04:19:27 pm,372.700,-1.286E-11,21.2,0.13,,,,
02/03/2022 03:33:11 pm,532.900,-1.811E-12,24.8,0.02,,,,,02/03/2022 04:03:42 pm,342.400,-2.006E-12,23.9,0.02,,,,,02/03/2022 04:19:31 pm,376.900,-1.306E-11,21.7,0.13,,,,
02/03/2022 03:33:24 pm,545.100,-1.789E-12,27.3,0.02,,,,,02/03/2022 04:03:46 pm,346.300,-1.985E-12,24.2,0.02,,,,,02/03/2022 04:19:36 pm,381.000,-1.326E-11,22.2,0.13,,,,
02/03/2022 03:33:31 pm,552.000,-2.175E-12,29.3,0.02,,,,,02/03/2022 04:03:49 pm,349.200,-1.950E-12,24.8,0.02,,,,,02/03/2022 04:19:38 pm,383.900,-1.342E-11,22.7,0.13,,,,
02/03/2022 03:33:35 pm,556.300,-2.335E-12,29.9,0.02,,,,,02/03/2022 04:03:51 pm,351.700,-1.911E-12,25.3,0.02,,,,,02/03/2022 04:19:41 pm,386.400,-1.347E-11,23.2,0.13,,,,
02/03/2022 03:33:38 pm,559.500,-2.535E-12,30.6,0.03,,,,,02/03/2022 04:03:54 pm,354.300,-1.863E-12,25.8,0.02,,,,,02/03/2022 04:19:45 pm,390.400,-1.339E-11,23.7,0.13,,,,
02/03/2022 03:33:41 pm,562.100,-2.646E-12,31.1,0.03,,,,,02/03/2022 04:03:56 pm,356.300,-1.834E-12,26.1,0.02,,,,,02/03/2022 04:19:47 pm,392.900,-1.322E-11,24.4,0.13,,,,
02/03/2022 03:33:44 pm,565.600,-2.743E-12,31.6,0.03,,,,,02/03/2022 04:03:58 pm,358.900,-1.781E-12,26.8,0.02,,,,,02/03/2022 04:19:51 pm,396.600,-1.300E-11,25.0,0.13,,,,
02/03/2022 03:33:47 pm,568.700,-2.841E-12,32.2,0.03,,,,,02/03/2022 04:04:00 pm,360.900,-1.798E-12,27.3,0.02,,,,,02/03/2022 04:19:57 pm,402.600,-1.279E-11,25.7,0.13,,,,
02/03/2022 03:33:50 pm,571.400,-2.896E-12,32.7,0.03,,,,,02/03/2022 04:04:03 pm,363.200,-1.814E-12,27.6,0.02,,,,,02/03/2022 04:20:01 pm,406.200,-1.278E-11,26.4,0.13,,,,
02/03/2022 03:33:53 pm,574.000,-2.922E-12,33.2,0.03,,,,,02/03/2022 04:04:06 pm,366.000,-1.912E-12,28.2,0.02,,,,,02/03/2022 04:20:49 pm,454.300,-1.313E-11,26.9,0.13,,,,
02/03/2022 03:33:57 pm,578.700,-2.918E-12,33.8,0.03,,,,,02/03/2022 04:04:17 pm,377.500,-2.016E-12,28.8,0.02,,,,,02/03/2022 04:20:53 pm,458.200,-1.358E-11,27.4,0.14,,,,
02/03/2022 03:34:01 pm,582.900,-2.884E-12,34.2,0.03,,,,,02/03/2022 04:04:20 pm,380.900,-2.596E-12,30.7,0.03,,,,,02/03/2022 04:20:59 pm,464.400,-1.441E-11,27.9,0.14,,,,
02/03/2022 03:34:05 pm,586.400,-2.766E-12,35.0,0.03,,,,,02/03/2022 04:04:23 pm,383.600,-2.841E-12,31.3,0.03,,,,,02/03/2022 04:21:12 pm,477.200,-2.099E-11,30.4,0.21,,,,
02/03/2022 03:34:16 pm,597.800,-2.265E-12,36.9,0.02,,,,,02/03/2022 04:04:26 pm,386.800,-3.014E-12,31.9,0.03,,,,,02/03/2022 04:21:17 pm,482.000,-2.549E-11,32.1,0.25,,,,
02/03/2022 03:34:22 pm,603.400,-2.034E-12,38.9,0.02,,,,,02/03/2022 04:04:29 pm,389.500,-3.125E-12,32.3,0.03,,,,,02/03/2022 04:21:20 pm,485.500,-2.714E-11,32.8,0.27,,,,
02/03/2022 03:34:28 pm,609.500,-2.704E-12,40.6,0.03,,,,,02/03/2022 04:04:31 pm,391.900,-3.204E-12,32.7,0.03,,,,,02/03/2022 04:21:43 pm,508.500,-2.901E-11,32.8,0.29,,,,
02/03/2022 03:34:35 pm,616.400,-3.186E-12,41.2,0.03,,,,,02/03/2022 04:04:34 pm,394.600,-3.238E-12,33.1,0.03,,,,,02/03/2022 04:21:48 pm,513.200,-2.985E-11,33.4,0.30,,,,
02/03/2022 03:36:00 pm,701.100,-4.317E-12,41.8,0.04,,,,,02/03/2022 04:04:37 pm,397.500,-3.274E-12,33.6,0.03,,,,,02/03/2022 04:21:55 pm,520.700,-3.064E-11,33.7,0.31,,,,
02/03/2022 03:36:06 pm,707.800,-4.809E-12,42.4,0.05,,,,,02/03/2022 04:04:43 pm,403.000,-3.266E-12,34.3,0.03,,,,,02/03/2022 04:21:59 pm,524.900,-3.085E-11,34.2,0.31,,,,
02/03/2022 03:36:19 pm,720.800,-5.319E-12,43.2,0.05,,,,,02/03/2022 04:04:45 pm,405.300,-3.219E-12,34.7,0.03,,,,,02/03/2022 04:22:04 pm,529.000,-3.072E-11,34.8,0.31,,,,
02/03/2022 03:36:26 pm,727.600,-5.569E-12,43.9,0.06,,,,,02/03/2022 04:04:57 pm,417.400,-3.016E-12,35.6,0.03,,,,,02/03/2022 04:22:10 pm,535.400,-3.088E-11,35.2,0.31,,,,
02/03/2022 03:36:30 pm,731.700,-5.693E-12,44.4,0.06,,,,,02/03/2022 04:05:03 pm,423.300,-2.844E-12,36.2,0.03,,,,,02/03/2022 04:22:19 pm,544.200,-3.054E-11,35.9,0.31,,,,
02/03/2022 03:36:34 pm,735.400,-5.711E-12,44.9,0.06,,,,,02/03/2022 04:05:05 pm,425.600,-2.479E-12,37.2,0.02,,,,,02/03/2022 04:22:23 pm,548.900,-2.997E-11,36.3,0.30,,,,
02/03/2022 03:36:37 pm,738.600,-5.571E-12,45.5,0.06,,,,,02/03/2022 04:05:08 pm,428.200,-2.207E-12,37.9,0.02,,,,,02/03/2022 04:22:27 pm,552.500,-2.898E-11,36.7,0.29,,,,
02/03/2022 03:36:40 pm,741.000,-5.270E-12,46.2,0.05,,,,,02/03/2022 04:05:11 pm,431.000,-2.105E-12,38.3,0.02,,,,,02/03/2022 04:22:31 pm,556.800,-2.836E-11,37.1,0.28,,,,
02/03/2022 03:36:46 pm,747.700,-3.415E-12,48.6,0.03,,,,,02/03/2022 04:05:14 pm,434.100,-2.035E-12,38.7,0.02,,,,,02/03/2022 04:22:36 pm,561.800,-2.734E-11,37.8,0.27,,,,
02/03/2022 03:37:23 pm,784.200,-3.656E-12,49.3,0.04,,,,,02/03/2022 04:05:16 pm,436.300,-2.034E-12,39.3,0.02,,,,,02/03/2022 04:22:39 pm,564.400,-2.728E-11,38.3,0.27,,,,
02/03/2022 03:37:29 pm,790.100,-3.626E-12,49.7,0.04,,,,,02/03/2022 04:05:29 pm,449.900,-3.599E-12,42.2,0.04,,,,,02/03/2022 04:22:43 pm,568.200,-2.888E-11,38.8,0.29,,,,
02/03/2022 03:37:32 pm,793.100,-3.743E-12,50.3,0.04,,,,,02/03/2022 04:05:38 pm,458.100,-4.260E-12,43.1,0.04,,,,,02/03/2022 04:22:49 pm,574.500,-3.278E-11,39.3,0.33,,,,
02/03/2022 03:37:36 pm,797.800,-4.168E-12,50.8,0.04,,,,,02/03/2022 04:05:45 pm,465.600,-4.623E-12,43.7,0.05,,,,,02/03/2022 04:23:04 pm,589.200,-7.251E-11,43.0,0.73,,,,
02/03/2022 03:37:48 pm,809.100,-5.038E-12,51.3,0.05,,,,,02/03/2022 04:05:48 pm,468.400,-4.858E-12,44.5,0.05,,,,,02/03/2022 04:23:07 pm,592.600,-7.962E-11,43.9,0.80,,,,
02/03/2022 03:38:05 pm,826.000,-8.019E-12,52.7,0.08,,,,,02/03/2022 04:05:50 pm,470.600,-4.904E-12,44.8,0.05,,,,,02/03/2022 04:23:11 pm,596.200,-8.303E-11,44.3,0.83,,,,
02/03/2022 03:38:16 pm,837.900,-9.405E-12,53.3,0.09,,,,,02/03/2022 04:05:53 pm,473.200,-4.906E-12,45.1,0.05,,,,,02/03/2022 04:23:13 pm,598.900,-8.467E-11,44.6,0.85,,,,
02/03/2022 03:38:23 pm,844.700,-1.047E-11,53.7,0.10,,,,,02/03/2022 04:05:57 pm,477.100,-4.802E-12,45.7,0.05,,,,,02/03/2022 04:23:17 pm,602.100,-8.566E-11,45.0,0.86,,,,
02/03/2022 03:38:27 pm,848.200,-1.127E-11,54.2,0.11,,,,,02/03/2022 04:05:59 pm,479.500,-4.641E-12,46.2,0.05,,,,,02/03/2022 04:23:19 pm,604.900,-8.458E-11,45.6,0.85,,,,
02/03/2022 03:38:30 pm,851.500,-1.208E-11,54.7,0.12,,,,,02/03/2022 04:06:07 pm,487.100,-2.977E-12,48.7,0.03,,,,,02/03/2022 04:23:23 pm,608.000,-8.063E-11,46.3,0.81,,,,
02/03/2022 03:38:33 pm,854.400,-1.274E-11,55.5,0.13,,,,,02/03/2022 04:06:09 pm,489.800,-2.622E-12,49.2,0.03,,,,,02/03/2022 04:23:28 pm,613.500,-7.793E-11,46.8,0.78,,,,
02/03/2022 03:38:37 pm,858.900,-1.300E-11,55.9,0.13,,,,,02/03/2022 04:06:13 pm,493.600,-2.359E-12,49.7,0.02,,,,,02/03/2022 04:23:33 pm,618.700,-6.589E-11,47.8,0.66,,,,
02/03/2022 03:38:41 pm,862.100,-1.302E-11,56.4,0.13,,,,,02/03/2022 04:06:16 pm,496.100,-2.189E-12,50.1,0.02,,,,,02/03/2022 04:23:37 pm,622.100,-6.107E-11,48.2,0.61,,,,
02/03/2022 03:38:44 pm,865.200,-1.257E-11,57.1,0.13,,,,,02/03/2022 04:06:18 pm,498.100,-2.146E-12,50.8,0.02,,,,,02/03/2022 04:23:39 pm,624.800,-5.531E-11,48.7,0.55,,,,
02/03/2022 03:38:55 pm,876.900,-1.010E-11,58.9,0.10,,,,,02/03/2022 04:06:20 pm,500.300,-2.408E-12,51.3,0.02,,,,,02/03/2022 04:23:42 pm,627.800,-5.112E-11,49.2,0.51,,,,
02/03/2022 03:39:00 pm,881.400,-6.494E-12,60.6,0.06,,,,,02/03/2022 04:06:29 pm,509.800,-4.849E-12,53.3,0.05,,,,,02/03/2022 04:23:45 pm,630.800,-5.039E-11,49.7,0.50,,,,
02/03/2022 03:39:06 pm,887.700,-5.944E-12,61.8,0.06,,,,,02/03/2022 04:06:34 pm,514.000,-6.072E-12,54.2,0.06,,,,,02/03/2022 04:23:48 pm,633.300,-5.369E-11,50.2,0.54,,,,
02/03/2022 03:39:11 pm,892.200,-6.628E-12,62.2,0.07,,,,,02/03/2022 04:06:37 pm,517.600,-6.902E-12,54.9,0.07,,,,,02/03/2022 04:23:50 pm,635.800,-5.991E-11,50.7,0.60,,,,
02/03/2022 03:39:31 pm,912.500,-1.520E-11,64.5,0.15,,,,,02/03/2022 04:06:40 pm,520.300,-7.165E-12,55.2,0.07,,,,,02/03/2022 04:23:59 pm,644.500,-1.333E-10,53.9,1.33,,,,
02/03/2022 03:39:35 pm,916.900,-1.725E-11,65.0,0.17,,,,,02/03/2022 04:06:42 pm,522.700,-7.462E-12,55.7,0.07,,,,,02/03/2022 04:24:02 pm,647.000,-1.420E-10,54.3,1.42,,,,
02/03/2022 03:39:43 pm,924.900,-1.933E-11,65.5,0.19,,,,,02/03/2022 04:06:44 pm,524.800,-7.598E-12,56.3,0.08,,,,,02/03/2022 04:24:09 pm,654.800,-1.482E-10,55.1,1.48,,,,
02/03/2022 03:39:51 pm,932.100,-2.198E-11,66.4,0.22,,,,,02/03/2022 04:06:47 pm,527.100,-7.517E-12,56.8,0.08,,,,,02/03/2022 04:24:14 pm,659.500,-1.493E-10,55.7,1.49,,,,
02/03/2022 03:39:59 pm,940.900,-2.341E-11,67.0,0.23,,,,,02/03/2022 04:06:49 pm,529.100,-7.379E-12,57.1,0.07,,,,,02/03/2022 04:24:17 pm,662.500,-1.476E-10,56.2,1.48,,,,
02/03/2022 03:40:04 pm,945.600,-2.395E-11,67.5,0.24,,,,,02/03/2022 04:06:55 pm,535.000,-6.619E-12,58.6,0.07,,,,,02/03/2022 04:24:32 pm,677.100,-1.111E-10,58.5,1.11,,,,
02/03/2022 03:40:07 pm,948.600,-2.407E-11,67.8,0.24,,,,,02/03/2022 04:06:58 pm,538.200,-5.388E-12,59.3,0.05,,,,,02/03/2022 04:24:35 pm,680.500,-9.206E-11,59.3,0.92,,,,
02/03/2022 03:40:11 pm,952.100,-2.388E-11,68.3,0.24,,,,,02/03/2022 04:07:00 pm,540.800,-3.831E-12,60.5,0.04,,,,,02/03/2022 04:24:38 pm,683.600,-8.224E-11,59.7,0.82,,,,
02/03/2022 03:40:15 pm,956.200,-2.359E-11,68.6,0.24,,,,,02/03/2022 04:07:03 pm,543.900,-3.237E-12,61.1,0.03,,,,,02/03/2022 04:24:41 pm,686.400,-7.017E-11,60.2,0.70,,,,
02/03/2022 03:40:20 pm,961.300,-1.923E-11,70.3,0.19,,,,,02/03/2022 04:07:06 pm,546.900,-2.776E-12,61.7,0.03,,,,,02/03/2022 04:24:43 pm,688.800,-6.250E-11,60.9,0.62,,,,
02/03/2022 03:40:33 pm,974.800,-1.665E-11,71.1,0.17,,,,,02/03/2022 04:07:09 pm,549.100,-2.714E-12,62.3,0.03,,,,,02/03/2022 04:24:46 pm,691.400,-6.351E-11,61.4,0.64,,,,
02/03/2022 03:40:43 pm,984.400,-1.296E-11,72.1,0.13,,,,,02/03/2022 04:07:11 pm,551.500,-3.010E-12,62.8,0.03,,,,,02/03/2022 04:24:49 pm,694.200,-6.799E-11,61.8,0.68,,,,
02/03/2022 03:40:49 pm,990.700,-1.195E-11,72.6,0.12,,,,,02/03/2022 04:07:15 pm,555.000,-3.637E-12,63.3,0.04,,,,,02/03/2022 04:24:51 pm,696.700,-7.510E-11,62.1,0.75,,,,
02/03/2022 03:40:58 pm,999.000,-1.151E-11,73.1,0.12,,,,,02/03/2022 04:07:21 pm,561.000,-8.914E-12,65.7,0.09,,,,,02/03/2022 04:25:12 pm,717.600,-1.589E-10,65.1,1.59,,,,
02/03/2022 03:41:03 pm,1004.400,-1.206E-11,73.7,0.12,,,,,02/03/2022 04:07:25 pm,565.000,-1.093E-11,67.2,0.11,,,,,02/03/2022 04:25:16 pm,721.000,-1.711E-10,65.8,1.71,,,,
02/03/2022 03:41:08 pm,1009.400,-1.336E-11,74.2,0.13,,,,,02/03/2022 04:07:27 pm,567.000,-1.123E-11,67.7,0.11,,,,,02/03/2022 04:25:19 pm,724.200,-1.753E-10,66.2,1.75,,,,
02/03/2022 03:41:13 pm,1014.200,-1.552E-11,74.7,0.16,,,,,02/03/2022 04:07:29 pm,569.100,-1.131E-11,68.2,0.11,,,,,02/03/2022 04:25:22 pm,727.200,-1.808E-10,66.9,1.81,,,,
02/03/2022 03:41:24 pm,1025.900,-1.942E-11,75.4,0.19,,,,,02/03/2022 04:07:30 pm,570.800,-1.122E-11,68.6,0.11,,,,,02/03/2022 04:25:25 pm,730.600,-1.794E-10,67.2,1.79,,,,
02/03/2022 03:41:32 pm,1033.200,-2.327E-11,76.0,0.23,,,,,02/03/2022 04:07:36 pm,576.100,-1.105E-11,69.1,0.11,,,,,02/03/2022 04:25:28 pm,733.700,-1.771E-10,67.6,1.77,,,,
02/03/2022 03:44:05 pm,1186.300,-3.085E-12,25.9,0.03,,,,,02/03/2022 04:07:45 pm,585.200,-8.340E-12,71.1,0.08,,,,,02/03/2022 04:25:31 pm,736.600,-1.694E-10,68.4,1.69,,,,
02/03/2022 03:45:11 pm,1252.500,-3.767E-12,36.7,0.04,,,,,02/03/2022 04:07:48 pm,588.000,-5.017E-12,72.8,0.05,,,,,02/03/2022 04:25:42 pm,747.600,-1.328E-10,70.1,1.33,,,,
02/03/2022 03:45:47 pm,1288.800,-3.741E-12,37.1,0.04,,,,,02/03/2022 04:07:51 pm,591.300,-4.194E-12,73.5,0.04,,,,,02/03/2022 04:25:48 pm,753.000,-1.175E-10,70.6,1.18,,,,
02/03/2022 03:45:59 pm,1300.700,-3.541E-12,37.5,0.04,,,,,02/03/2022 04:07:53 pm,593.800,-4.056E-12,73.9,0.04,,,,,02/03/2022 04:25:51 pm,756.000,-1.019E-10,71.1,1.02,,,,
02/03/2022 03:46:06 pm,1307.100,-3.417E-12,37.9,0.03,,,,,02/03/2022 04:07:56 pm,596.000,-4.264E-12,74.3,0.04,,,,,02/03/2022 04:25:53 pm,758.300,-8.429E-11,71.8,0.84,,,,
02/03/2022 03:46:13 pm,1314.100,-3.361E-12,38.2,0.03,,,,,02/03/2022 04:07:58 pm,598.200,-4.858E-12,74.8,0.05,,,,,02/03/2022 04:25:55 pm,760.500,-7.656E-11,72.2,0.77,,,,
02/03/2022 03:46:18 pm,1319.400,-3.351E-12,38.6,0.03,,,,,02/03/2022 04:08:00 pm,600.600,-6.117E-12,75.4,0.06,,,,,02/03/2022 04:25:57 pm,762.500,-7.226E-11,72.7,0.72,,,,
02/03/2022 03:46:23 pm,1324.900,-3.492E-12,39.2,0.03,,,,,,,,,,,,,,02/03/2022 04:25:59 pm,764.900,-7.338E-11,73.2,0.73,,,,
02/03/2022 03:46:56 pm,1357.400,-5.793E-12,46.9,0.06,,,,,,,,,,,,,,02/03/2022 04:26:02 pm,767.500,-8.237E-11,73.8,0.82,,,,
02/03/2022 03:47:03 pm,1364.800,-5.226E-12,47.6,0.05,,,,,,,,,,,,,,02/03/2022 04:26:04 pm,769.700,-9.433E-11,74.3,0.94,,,,
02/03/2022 03:47:07 pm,1368.000,-4.709E-12,48.2,0.05,,,,,,,,,,,,,,02/03/2022 04:26:19 pm,784.900,-2.007E-10,78.3,2.01,,,,
02/03/2022 03:47:11 pm,1372.000,-4.283E-12,48.7,0.04,,,,,,,,,,,,,,02/03/2022 04:26:23 pm,788.200,-2.015E-10,78.6,2.01,,,,
02/03/2022 03:47:14 pm,1375.100,-3.886E-12,49.2,0.04,,,,,,,,,,,,,,02/03/2022 04:26:25 pm,790.500,-2.018E-10,79.1,2.02,,,,
02/03/2022 03:47:17 pm,1378.300,-3.722E-12,49.7,0.04,,,,,,,,,,,,,,02/03/2022 04:26:27 pm,792.700,-1.999E-10,79.7,2.00,,,,
02/03/2022 03:47:21 pm,1382.800,-3.804E-12,50.1,0.04,,,,,,,,,,,,,,02/03/2022 04:26:29 pm,794.600,-1.947E-10,80.2,1.95,,,,
02/03/2022 03:48:11 pm,1432.100,-5.115E-12,61.1,0.05,,,,,,,,,,,,,,,,,,,,,,
02/03/2022 03:48:20 pm,1441.500,-5.329E-12,61.4,0.05,,,,,,,,,,,,,,,,,,,,,,
02/03/2022 03:48:27 pm,1448.700,-5.691E-12,61.8,0.06,,,,,,,,,,,,,,,,,,,,,,
